{"cameraMode":{"drawMode":0,"name":"Shaded","section":"Shading Mode"},"sceneLighting":false,"audioPlay":false,"sceneViewState":{"m_AlwaysRefresh":false,"showFog":true,"showSkybox":true,"showFlares":true,"showImageEffects":true,"showParticleSystems":true,"showVisualEffectGraphs":true,"m_FxEnabled":true},"in2DMode":false,"pivot":{"x":-210.9744110107422,"y":67.34661102294922,"z":-36.91667938232422},"rotation":{"x":0.00018219689081888646,"y":0.999824583530426,"z":0.01799742504954338,"w":-0.008386761881411076},"size":21.563648223876954,"orthographic":false}